{
    "total_runtime": 222.44541430473328,
    "num_documents": 1,
    "input_load_time": 0,
    "workflows": {
        "create_base_text_units": {
            "overall": 0.5376591682434082,
            "0_orderby": 0.0092010498046875,
            "1_zip": 0.007740974426269531,
            "2_aggregate_override": 0.013985872268676758,
            "3_chunk": 0.42419886589050293,
            "4_select": 0.006443977355957031,
            "5_unroll": 0.011354923248291016,
            "6_rename": 0.004994869232177734,
            "7_genid": 0.01204991340637207,
            "8_unzip": 0.0069272518157958984,
            "9_copy": 0.00816798210144043,
            "10_filter": 0.024827957153320312
        },
        "create_base_extracted_entities": {
            "overall": 178.57177114486694,
            "0_entity_extract": 178.42673587799072,
            "1_merge_graphs": 0.13854503631591797
        },
        "create_summarized_entities": {
            "overall": 31.427729845046997,
            "0_summarize_descriptions": 31.42238688468933
        },
        "create_base_entity_graph": {
            "overall": 0.052004098892211914,
            "0_cluster_graph": 0.03962135314941406,
            "1_select": 0.00659489631652832
        },
        "create_final_entities": {
            "overall": 3.079962730407715,
            "0_unpack_graph": 0.014504194259643555,
            "1_rename": 0.008248090744018555,
            "2_select": 0.008912086486816406,
            "3_dedupe": 0.011818885803222656,
            "4_rename": 0.009755849838256836,
            "5_filter": 0.02357792854309082,
            "6_text_split": 0.01468801498413086,
            "7_drop": 0.012921810150146484,
            "8_merge": 0.07017874717712402,
            "9_text_embed": 2.866292953491211,
            "10_drop": 0.010138988494873047,
            "11_filter": 0.020978927612304688
        },
        "create_final_nodes": {
            "overall": 0.3243408203125,
            "0_layout_graph": 0.03290414810180664,
            "1_unpack_graph": 0.1313331127166748,
            "2_unpack_graph": 0.01652216911315918,
            "3_filter": 0.021597862243652344,
            "4_drop": 0.011017799377441406,
            "5_select": 0.012110710144042969,
            "6_rename": 0.011744022369384766,
            "7_join": 0.02060103416442871,
            "8_convert": 0.044535160064697266,
            "9_rename": 0.01359701156616211
        },
        "create_final_communities": {
            "overall": 0.2609832286834717,
            "0_unpack_graph": 0.021242141723632812,
            "1_unpack_graph": 0.01943492889404297,
            "2_aggregate_override": 0.01918816566467285,
            "3_join": 0.016267061233520508,
            "4_join": 0.015857934951782227,
            "5_concat": 0.012755870819091797,
            "6_filter": 0.027261972427368164,
            "7_aggregate_override": 0.0157468318939209,
            "8_join": 0.016933917999267578,
            "9_filter": 0.029207944869995117,
            "10_fill": 0.013820171356201172,
            "11_merge": 0.014400959014892578,
            "12_copy": 0.013900041580200195,
            "13_select": 0.013810873031616211
        },
        "join_text_units_to_entity_ids": {
            "overall": 0.06429886817932129,
            "0_select": 0.01522207260131836,
            "1_unroll": 0.015175819396972656,
            "2_aggregate_override": 0.02039504051208496
        },
        "create_final_relationships": {
            "overall": 0.23351788520812988,
            "0_unpack_graph": 0.03885078430175781,
            "1_filter": 0.03460574150085449,
            "2_rename": 0.0159149169921875,
            "3_filter": 0.03480219841003418,
            "4_drop": 0.016263961791992188,
            "5_compute_edge_combined_degree": 0.02149677276611328,
            "6_convert": 0.03763604164123535,
            "7_convert": 0.01857304573059082
        },
        "join_text_units_to_relationship_ids": {
            "overall": 0.10261392593383789,
            "0_select": 0.01939988136291504,
            "1_unroll": 0.0208740234375,
            "2_aggregate_override": 0.02457880973815918,
            "3_select": 0.019749879837036133
        },
        "create_final_community_reports": {
            "overall": 4.428523063659668,
            "0_prepare_community_reports_nodes": 0.019816875457763672,
            "1_prepare_community_reports_edges": 0.019279956817626953,
            "2_restore_community_hierarchy": 0.020908117294311523,
            "3_prepare_community_reports": 0.04456591606140137,
            "4_create_community_reports": 4.284043073654175,
            "5_window": 0.02230668067932129
        },
        "create_final_text_units": {
            "overall": 0.15664982795715332,
            "0_select": 0.019031763076782227,
            "1_rename": 0.019608020782470703,
            "2_join": 0.028934240341186523,
            "3_join": 0.02437615394592285,
            "4_aggregate_override": 0.02356886863708496,
            "5_select": 0.022576093673706055
        },
        "create_base_documents": {
            "overall": 0.22561287879943848,
            "0_unroll": 0.021815061569213867,
            "1_select": 0.021304845809936523,
            "2_rename": 0.02140212059020996,
            "3_join": 0.024775028228759766,
            "4_aggregate_override": 0.022546052932739258,
            "5_join": 0.02583909034729004,
            "6_rename": 0.021576881408691406,
            "7_convert": 0.04662895202636719
        },
        "create_final_documents": {
            "overall": 0.04685497283935547,
            "0_rename": 0.023630857467651367
        }
    }
}